"DateTime","BTC","ETH","Stablecoins","Otros"
"2013-04-28 18:00:00",1491167008.9733124,0,0,92272991.02668759
"2013-05-05 18:00:00",1289471476.3225555,0,0,81408523.67744438
"2013-05-12 18:00:00",1279976295.2480316,0,0,75553688.75196841
"2013-05-19 18:00:00",1368906875,0,0,76133125
"2013-05-26 18:00:00",1495523737.5,0,0,77806310.5
"2013-06-02 18:00:00",1376180312.5,0,0,60979623.5
"2013-06-09 18:00:00",1131570787.3334885,0,0,60229276.66651152
"2013-06-16 18:00:00",1128715172.2400665,0,0,47954779.75993354
"2013-06-23 18:00:00",1222026948.688507,0,0,69423035.31149289
"2013-06-30 18:00:00",1107131002.0048141,0,0,65838981.99518584
"2013-07-07 18:00:00",870912250.6433487,0,0,60974725.35665129
"2013-07-14 18:00:00",1068522174.4451524,0,0,71437889.55484764
"2013-07-21 18:00:00",1053002220.7248688,0,0,63537811.275131255
"2013-07-28 18:00:00",1131339022.5717545,0,0,87981041.4282455
"2013-08-04 18:00:00",1209521263.6024475,0,0,127598736.3975525
"2013-08-11 18:00:00",1211791875,0,0,104368125
"2013-08-18 18:00:00",1312158046.2135315,0,0,120271905.78646849
"2013-08-25 18:00:00",1417199162.9196167,0,0,125010885.0803833
"2013-09-01 18:00:00",1613597804.8339844,0,0,111452179.16601562
"2013-09-08 18:00:00",1422176276.6231537,0,0,119533675.37684634
"2013-09-15 18:00:00",1531820995.1446533,0,0,116819004.85534671
"2013-09-22 18:00:00",1513944618.3506012,0,0,157555413.64939883
"2013-09-29 18:00:00",1614348004.4075012,0,0,168391963.59249872
"2013-10-06 18:00:00",1527762511.7965698,0,0,136877488.20343018
"2013-10-13 18:00:00",1648465923.820877,0,0,136244092.1791229
"2013-10-20 18:00:00",2075575236.236572,0,0,117114683.76342788
"2013-10-27 18:00:00",2337096631.970215,0,0,122223432.029785
"2013-11-03 18:00:00",2564065445.2430725,0,0,143214426.75692743
"2013-11-10 18:00:00",3896133973.846436,0,0,167265962.15356416
"2013-11-17 18:00:00",5961504811.29837,0,0,210515412.70162994
"2013-11-24 18:00:00",9302271683.532715,0,0,480208188.46728516
"2013-12-01 18:00:00",11478311241.82129,0,0,1655789238.1787117
"2013-12-08 18:00:00",9602479382.333374,0,0,1224721129.6666253
"2013-12-15 18:00:00",10676620439.015198,0,0,1378179944.9848015
"2013-12-22 18:00:00",7455667854.309083,0,0,803462001.6909174
"2013-12-29 18:00:00",9037000601.14441,0,0,1290099814.8555908
"2014-01-05 18:00:00",11410379147.447205,0,0,1465321076.5527947
"2014-01-12 18:00:00",10541542460.91919,0,0,1223557059.0808113
"2014-01-19 18:00:00",10704830267.202759,0,0,1298770116.7972412
"2014-01-26 18:00:00",10894423689.324951,0,0,1320376694.6750488
"2014-02-02 18:00:00",10174133094.992065,0,0,1242866841.0079339
"2014-02-09 18:00:00",8431675750.64087,0,0,1002704537.3591303
"2014-02-16 18:00:00",7620582454.431152,0,0,976867273.5688477
"2014-02-23 18:00:00",7537076790.734864,0,0,976022985.2651361
"2014-03-02 18:00:00",7013055761.564637,0,0,1012574446.4353632
"2014-03-09 18:00:00",7950816297.534181,0,0,1189514198.4658196
"2014-03-16 18:00:00",7901042491.983031,0,0,1093057732.0169685
"2014-03-23 18:00:00",7061377145.251464,0,0,1040132998.7485358
"2014-03-30 18:00:00",5816914285.171509,0,0,694185618.8284912
"2014-04-06 18:00:00",5821162238.774109,0,0,652197633.2258911
"2014-04-13 18:00:00",5244345091.236877,0,0,540924668.7631226
"2014-04-20 18:00:00",6307454584.918213,0,0,718735239.0817871
"2014-04-27 18:00:00",5470650460.922241,0,0,562969507.0777584
"2014-05-04 18:00:00",5534139929.466248,0,0,580049894.5337528
"2014-05-11 18:00:00",5591520314.794922,0,0,604019653.2050781
"2014-05-18 18:00:00",5703762172.515106,0,0,605487875.4848934
"2014-05-25 18:00:00",7322873545.275879,0,0,706786614.7241211
"2014-06-01 18:00:00",8086619161.5234375,0,0,725081062.4765625
"2014-06-08 18:00:00",8439072805.389403,0,0,693156826.6105963
"2014-06-15 18:00:00",7645644474.316407,0,0,649885509.6835932
"2014-06-22 18:00:00",7787154930.477905,0,0,662915085.5220947
"2014-06-29 18:00:00",7812042911.380005,0,0,591446880.6199951
"2014-07-06 18:00:00",8253713718.658446,0,0,530036425.3415534
"2014-07-13 18:00:00",8155149531.25,0,0,576850724.75
"2014-07-20 18:00:00",8138524773.953248,0,0,583974810.0467523
"2014-07-27 18:00:00",7765045722.738648,0,0,550594085.261352
"2014-08-03 18:00:00",7677845259.356689,0,0,549384948.6433105
"2014-08-10 18:00:00",7760291956.115723,0,0,500737931.88427734
"2014-08-17 18:00:00",6465209602.4383545,0,0,369540349.5616455
"2014-08-24 18:00:00",6700098607.670593,0,0,458881488.3294064
"2014-08-31 18:00:00",6313124152.076721,0,0,533025991.92327917
"2014-09-07 18:00:00",6379403733.172607,0,0,567576106.8273926
"2014-09-14 18:00:00",6339090877.085114,0,0,623169090.9148868
"2014-09-21 18:00:00",5307361588.666534,0,0,551838411.3334659
"2014-09-28 18:00:00",5022364916.041565,0,58011.8,577067120.1584353
"2014-10-05 18:00:00",4277427570.227051,0,57730.69,511084811.0829492
"2014-10-12 18:00:00",5055283159.8098755,0,57145.06,541529839.1301246
"2014-10-19 18:00:00",5216564953.132629,0,55571.3,542139411.5673707
"2014-10-26 18:00:00",4764013751.013184,0,74716.46,493821292.5268164
"2014-11-02 18:00:00",4380942302.883911,0,59010.52,457348510.5960889
"2014-11-09 18:00:00",4884494937.3046875,0,71970.9,501313155.7953125
"2014-11-16 18:00:00",5245999858.861542,0,69941.41,519000023.7284586
"2014-11-23 18:00:00",4966079079.814148,0,60273.82,628710438.365852
"2014-11-30 18:00:00",5128691628.189087,0,57249.17,718571186.6409131
"2014-12-07 18:00:00",5093175180.496979,0,60519.72,843424267.7830209
"2014-12-14 18:00:00",4781555061.856842,0,73865.56,892001280.5831577
"2014-12-21 18:00:00",4376893000.846863,0,73331.45,1224683843.7031372
"2014-12-28 18:00:00",4339695193.963623,0,180946.67,1229563603.3663769
"2015-01-04 18:00:00",3628493636.69281,0,116809.43,915609713.87719
"2015-01-11 18:00:00",3649972765.979004,0,114112.65,888413217.3709961
"2015-01-18 18:00:00",2905412014.442444,0,109107.93,748479005.6275562
"2015-01-25 18:00:00",3496652081.761551,0,119649.6,828428140.6384491
"2015-02-01 18:00:00",3123002565.3427124,0,123440.75,700204041.9072875
"2015-02-08 18:00:00",3086216080.8906555,0,151022.45,710632832.6593447
"2015-02-15 18:00:00",3250246571.0601807,0,152685.97,694510822.9698193
"2015-02-22 18:00:00",3272877197.2351074,0,146601.2,665636297.5648925
"2015-03-01 18:00:00",3617339658.1649776,0,136683.08,666843658.7550223
"2015-03-08 18:00:00",3825259464.0625,0,376961.03,583793590.9075
"2015-03-15 18:00:00",3983756725.9399414,0,360227.12,614523174.9400586
"2015-03-22 18:00:00",3742292198.8151555,0,369557.64,591748483.5448446
"2015-03-29 18:00:00",3399503919.7551727,0,362965.57,521073146.6748272
"2015-04-05 18:00:00",3655987365.848541,0,368921.42,528963648.7314591
"2015-04-12 18:00:00",3314279245.547104,0,357400.04,496323226.4128959
"2015-04-19 18:00:00",3132401718.1518555,0,373413.76,462264868.08814454
"2015-04-26 18:00:00",3093209736.5509033,0,251600,451338663.4490965
"2015-05-03 18:00:00",3394133213.5471344,0,373899.3,469272983.1528654
"2015-05-10 18:00:00",3399283518.2525635,0,346500.7,444579901.04743654
"2015-05-17 18:00:00",3357382023.573303,0,342449.44,423135430.9866968
"2015-05-24 18:00:00",3420472019.8898315,0,592861.27,484425038.84016854
"2015-05-31 18:00:00",3274367343.4497833,0,612131.76,524970604.7902165
"2015-06-07 18:00:00",3175514755.7144165,0,607951.03,518237357.2555835
"2015-06-14 18:00:00",3331925638.8759613,0,611099.1,545653342.0240389
"2015-06-21 18:00:00",3488460580.682373,0,635180.15,680954287.167627
"2015-06-28 18:00:00",3562783243.5951233,0,634694.15,721552046.2548767
"2015-07-05 18:00:00",3890435026.817322,0,635743.05,764229326.1326783
"2015-07-12 18:00:00",4468539069.32373,0,622696.23,759228122.4462695
"2015-07-19 18:00:00",3938927416.611481,0,601637.11,645570722.2785189
"2015-07-26 18:00:00",4222215076.547241,0,595604.46,701479366.9927588
"2015-08-02 18:00:00",4087614276.46637,0,589130.83,670646640.70363
"2015-08-09 18:00:00",3843843093.010711,43130006.715620756,583072.16,658063796.113668
"2015-08-16 18:00:00",3749250712.44812,95819595.61636072,586846.49,639552957.4455192
"2015-08-23 18:00:00",3314634445.915222,97791422.22981238,540186.73,565613913.1249655
"2015-08-30 18:00:00",3335218377.5253296,96250958.82566088,522822.54,563777953.1090095
"2015-09-06 18:00:00",3499113997.8904724,94585637.46179634,510915.82,575549448.8277314
"2015-09-13 18:00:00",3369195197.1408844,68814411.3063164,511225.61,575439101.9427992
"2015-09-20 18:00:00",3383840060.0463867,69045902.90464237,518816.63,556725140.418971
"2015-09-27 18:00:00",3413624918.6725616,53201852.64083001,520283.51,520152977.1766083
"2015-10-04 18:00:00",3497741536.946869,49131581.46798119,520094.84,478666818.74514985
"2015-10-11 18:00:00",3632108936.830902,46864146.10871616,520748.72,484556088.3403819
"2015-10-18 18:00:00",3859271425.4837036,38321361.02254525,519685.04,461877288.45375115
"2015-10-25 18:00:00",4187413198.5855107,45991247.53856447,451600,448774097.8759249
"2015-11-01 18:00:00",4820841334.213257,78701626.84018767,451600,526585406.94655514
"2015-11-08 18:00:00",5546231702.635956,76992153.26880395,519485.72,481226898.3752406
"2015-11-15 18:00:00",4746066188.812256,67730699.84910971,519561.88,431013469.45863444
"2015-11-22 18:00:00",4823705394.314575,72484192.22003677,524881.96,436405531.50538766
"2015-11-29 18:00:00",5534006986.001587,66080466.75209412,451600,472760915.24631935
"2015-12-06 18:00:00",5821148072.769165,62950906.08388069,1024636.84,503486432.30695426
"2015-12-13 18:00:00",6480074346.290588,72176417.62009984,951600,639557444.0893117
"2015-12-20 18:00:00",6636287835.9436035,68521210.23018289,1023534.93,544197498.896214
"2015-12-27 18:00:00",6356107482.189941,64913216.03642747,951600,545887925.7736311
"2016-01-03 18:00:00",6468181559.927368,73853951.54610676,982006.75,544992721.7765251
"2016-01-10 18:00:00",6761093149.223328,76096519.18005306,1533149.93,552387325.666619
"2016-01-17 18:00:00",5761942557.936096,101698540.69257975,1502208.92,515496948.4513237
"2016-01-24 18:00:00",6083903349.006653,164312378.22486317,1522456.37,538981944.3984836
"2016-01-31 18:00:00",5596093514.382935,177880782.49139968,1451598.1,596454041.0256658
"2016-02-07 18:00:00",5720103096.029663,228504539.51272345,1451600,678080796.4576135
"2016-02-14 18:00:00",6199850202.244568,410642754.82437253,1532944.58,739413970.3510596
"2016-02-21 18:00:00",6689197867.790222,360185281.66123086,1535651.24,738020975.3085474
"2016-02-28 18:00:00",6614972353.372192,499586942.85922575,1538442.63,739182389.1385819
"2016-03-06 18:00:00",6233433919.315338,886443149.9244761,1534948.34,748557902.4201862
"2016-03-13 18:00:00",6342791478.5217285,1128182362.2709222,1554985.67,827861061.5373493
"2016-03-20 18:00:00",6341382966.238403,805993922.3049855,1553771.3,788079516.1566116
"2016-03-27 18:00:00",6553701498.641968,819007455.0417125,1555239.13,830845567.1863194
"2016-04-03 18:00:00",6483908579.412842,914558628.6100392,1558956.82,830663627.1571189
"2016-04-10 18:00:00",6504290706.246185,706074387.5582892,1564777.29,724370160.9055259
"2016-04-17 18:00:00",6604158106.283569,738916061.6080558,1556572.69,754029099.4183753
"2016-04-24 18:00:00",7102483346.946716,635783539.7158012,1555825.2,805737352.1374829
"2016-05-01 18:00:00",7002605989.660645,708136995.4444251,2048664.81,773428126.0849307
"2016-05-08 18:00:00",7112507359.680176,757999825.6836668,25866828.47,761426178.1661574
"2016-05-15 18:00:00",7114745849.776459,798116463.1816704,22435554.84,756462260.2018704
"2016-05-22 18:00:00",6842466300.5859375,1146472257.8619616,20567180.43,767544373.1221008
"2016-05-29 18:00:00",8243968477.401734,992330848.9049618,18895739.69,963305030.003304
"2016-06-05 18:00:00",8977691640.063477,1130353803.0483687,23235848.09,1011219060.7981547
"2016-06-12 18:00:00",10511932397.88208,1276928144.4412491,25376943.58,1081262802.0966706
"2016-06-19 18:00:00",11976669911.672974,993505466.7006166,29770850.41,1126553611.2164097
"2016-06-26 18:00:00",9882833693.476868,1124176225.8396769,28790964.11,1061399244.5734546
"2016-07-03 18:00:00",10362656811.401367,954848213.3979087,26220820.61,1138374378.590724
"2016-07-10 18:00:00",10215201884.020752,895673423.9490991,24435891.85,1164788384.1801498
"2016-07-17 18:00:00",10716779406.225586,917152982.4010627,26791064.02,1453476611.353352
"2016-07-24 18:00:00",10431889594.024658,1048923373.4700824,26224533.4,1447062211.1052601
"2016-07-31 18:00:00",9860616203.91504,981730761.3810105,27628197.11,1368925061.5939505
"2016-08-07 18:00:00",9365430090.66211,903181125.0029635,29108958.63,1384380049.7049263
"2016-08-14 18:00:00",9021181804.980469,929555397.5666299,27144640.48,1354618636.9729006
"2016-08-21 18:00:00",9199420344.319336,930709393.2003545,27233533.52,1351236536.9603095
"2016-08-28 18:00:00",9091825037.18042,910699430.7948561,30868154.38,1320707089.6447248
"2016-09-04 18:00:00",9652486007.033936,977164815.3764225,28289477.51,1422760116.0796428
"2016-09-11 18:00:00",9628561521.966064,976642706.5522562,27140530.55,1366954824.93168
"2016-09-18 18:00:00",9681956384.871094,1045863357.8172555,35046534.06,1390033307.2516508
"2016-09-25 18:00:00",9545833714.691162,1110694718.7961636,35677286.14,1410194280.3726752
"2016-10-02 18:00:00",9714989222.478516,1116603094.9622447,36614002.65,1346993423.9092395
"2016-10-09 18:00:00",9816271929.533936,1022860288.5367181,35238792.96,1382329404.969347
"2016-10-16 18:00:00",10221320530.722656,1016714264.013516,33165973.47,1364898815.7938278
"2016-10-23 18:00:00",10473535152.432129,1026406803.0311995,31596238.31,1408762094.2266717
"2016-10-30 18:00:00",11207204436.206543,960011274.3369567,30698090.56,1313486646.8965003
"2016-11-06 18:00:00",11344832652.172852,934534534.7880228,30872825.32,1325360371.7191257
"2016-11-13 18:00:00",11214637119.143555,867753308.8409414,27103121.88,1333006034.1355038
"2016-11-20 18:00:00",11698908605.0766,825381008.5776632,26213657.87,1266496664.4757385
"2016-11-27 18:00:00",11727839066.159058,777311559.1591259,25706354.3,1266443244.3818157
"2016-12-04 18:00:00",12393107443.472656,641820062.4670808,25117222.71,1237555271.3502629
"2016-12-11 18:00:00",12349844393.481445,711347745.4791985,28471414.22,1251636670.8193562
"2016-12-18 18:00:00",12691105639.003967,685054678.7462035,26791876.84,1296847357.40983
"2016-12-25 18:00:00",14407791719.659424,622438653.8900136,25129990.84,1392339603.6105618
"2017-01-01 18:00:00",16055108982.560791,714900119.5089751,29398353.59,1523393184.3402338
"2017-01-08 18:00:00",14694874480.175781,904684776.9408854,34157369.24,1500483181.6433334
"2017-01-15 18:00:00",13234596459.614868,869126437.2424761,34732951.09,1469144280.0526557
"2017-01-22 18:00:00",14918751625.01532,944155644.5402719,34387055.04,1575105035.4044092
"2017-01-29 18:00:00",14844939255.07666,927414854.2152777,35776204.68,1642869494.0280623
"2017-02-05 18:00:00",16605348260.835327,1005938810.9657451,46173755.57,1756438436.6289277
"2017-02-12 18:00:00",16141499397.039795,1011081069.7096416,44427819.98,1695691361.2705636
"2017-02-19 18:00:00",16960221413.659668,1136601687.7289338,44874952.36,1718802426.251398
"2017-02-26 18:00:00",18837184559.161377,1294776572.7025037,44997469.17,1712141174.9661193
"2017-03-05 18:00:00",20531880759.979248,1725361863.8352697,47027386.07,1967829318.1154823
"2017-03-12 18:00:00",19807623710.321045,2108301800.4418843,57354598.07,2286819987.167071
"2017-03-19 18:00:00",16829809130.126953,4031276256.243787,77208274.38,2895105635.24926
"2017-03-26 18:00:00",15785013324.03125,4624994194.350891,76064077.1,3051928276.5178585
"2017-04-02 18:00:00",17924628824.157715,4411029754.348065,95388523.36,5288753730.134219
"2017-04-09 18:00:00",19311221909.74414,3919525799.905118,91021781.84,4519631340.510741
"2017-04-16 18:00:00",19260395207.446045,4417310840.844284,87419129.47,5059475398.239671
"2017-04-23 18:00:00",19705450918.90869,4446467899.313646,92246402.37,5367135643.407662
"2017-04-30 18:00:00",21981770171.626953,7234067716.872018,118155086.84,7600908784.661029
"2017-05-07 18:00:00",26056541056.222534,8569063495.583178,138173505.5,13725120502.694288
"2017-05-14 18:00:00",29532572668.725952,8316928343.080947,154807810.75,17164289193.4431
"2017-05-21 18:00:00",33393668309.841064,14522111822.304424,211907849.95,25835414225.90451
"2017-05-28 18:00:00",35323600765.833984,15654637353.792343,272515329.19,21271048279.183674
"2017-06-04 18:00:00",41133992638.79297,22615798636.094124,268566846.49,29006545046.622906
"2017-06-11 18:00:00",48391182554.25,31525273275.607735,341591095.11,32245949491.032265
"2017-06-18 18:00:00",41800562433.92285,34435759614.62061,320920212.28,33908756587.176533
"2017-06-25 18:00:00",42513987598.66943,28111192304.178455,341253473.51,34412562847.64211
"2017-07-02 18:00:00",41037160117.944336,26815934063.313137,391105239.85,30877198338.89253
"2017-07-16 18:00:00",31795020262.28296,14932733711.744286,389856067.63,20001289158.34276
"2017-07-23 18:00:00",44995605226.60474,21158543168.789845,450485198.5,28669366790.10542
"2017-07-30 18:00:00",45535845598.87695,18492032023.84682,455479165.49,24707346315.786224
"2017-08-06 18:00:00",52987311209.65869,24510987196.791916,475345352.7,34215353872.849392
"2017-08-13 18:00:00",67112328209.80957,28008682718.15625,486538062.68,40213451713.35418
"2017-08-20 18:00:00",67567071725.616455,28285462427.87213,491249839.1,48493217223.411415
"2017-08-27 18:00:00",72467865903.125,33002674604.986412,527681966.24,53032778613.64859
"2017-09-03 18:00:00",75955543615.59424,32773988121.666565,566339448.78,55845346093.9592
"2017-09-10 18:00:00",68256040447.924805,27394423908.544647,579776533.58,47722548613.95055
"2017-09-17 18:00:00",59514087022.07031,23881156365.09879,578220740.43,39718600640.400894
"2017-09-24 18:00:00",61061094889.754395,26755460574.001465,591891507.84,40110794756.404144
"2017-10-01 18:00:00",72963198007.7666,28708457205.82784,606137043.93,46645296638.475555
"2017-10-08 18:00:00",76656471455.07812,29328333214.491287,594157497.1,45795465481.33059
"2017-10-15 18:00:00",94558952137.20703,32029240568.512527,577402488.02,46512587206.260445
"2017-10-22 18:00:00",99941633674.85352,28111424780.451973,571582338.38,43330157798.314514
"2017-10-29 18:00:00",101833013912.47705,29077593892.47939,586321400.97,46272829514.07356
"2017-11-05 18:00:00",123379323769.02148,28322701831.11202,634847860.91,46987167754.9565
"2017-11-12 18:00:00",99029012526.26953,29379017026.7067,726839017.49,64167135141.53377
"2017-11-19 18:00:00",134167308968.16406,33933446659.122707,828707087.07,68607718981.64323
"2017-11-26 18:00:00",156221049590.69824,45254982956.24216,877537084.67,92527136928.3896
"2017-12-03 18:00:00",189172387100.97656,44795654445.752106,1055465091.22,102766338866.05133
"2017-12-10 18:00:00",258146761479.3086,42389249662.51928,1062611739.27,109440285534.90213
"2017-12-17 18:00:00",320000301752.7363,69578413888.86726,1541192299.94,195980743578.45642
"2017-12-24 18:00:00",234589560899.1211,67475093792.68432,1660642831.96,236090146956.2346
"2017-12-31 18:00:00",236724789717.43164,73075765824.0534,1792212235.56,301331885790.95496
"2018-01-07 18:00:00",276611608104.46875,112163952377.3938,1985339385.86,437776472804.27747
"2018-01-14 18:00:00",231334152097.25684,132403559879.69125,2036739774.3,339227298776.7519
"2018-01-21 18:00:00",195644593331.3828,102504306999.2203,2113474205.63,262967116663.76688
"2018-01-28 18:00:00",197870939553.95508,121268517361.52199,2849400920.88,273287540755.64294
"2018-02-04 18:00:00",139324739797.26562,81337361557.76921,2959326600.48,171549216012.48517
"2018-02-11 18:00:00",137257820779.83398,79754362747.92645,2746524548.24,180387429011.99954
"2018-02-18 18:00:00",178054980195.26953,90047658701.18137,2944222548.38,210277670267.1691
"2018-02-25 18:00:00",163283423922.60938,82705436832.3585,3096651438.85,181258597886.18213
"2018-03-04 18:00:00",194902607290.45996,84939661551.26595,3260117239.76,187405330526.5141
"2018-03-11 18:00:00",162420640875.14844,71086019104.63518,2992455672.53,152333574523.68637
"2018-03-18 18:00:00",141240445134.70117,53718639282.87649,2927543594.03,120516751188.39233
"2018-03-25 18:00:00",143959778305.66406,51598034694.193665,2998820442.32,130396042909.82227
"2018-04-01 18:00:00",116037478554.6875,37422484308.52398,2792491551.97,98853093872.81851
"2018-04-08 18:00:00",119515767465.18164,39565055112.9786,2774814610.87,104590539066.96976
"2018-04-15 18:00:00",141570843067.23633,52592174760.81393,2857518967.34,139810123812.60974
"2018-04-22 18:00:00",149448445462.36328,61490570911.9978,2922575025.68,173807572631.95892
"2018-04-29 18:00:00",160301863162.79297,68376399334,3061002853.35,207161454265.85703
"2018-05-06 18:00:00",164161152517.8164,78758746705.54007,2809192877.28,209889762811.36353
"2018-05-13 18:00:00",148403158529.49707,72847449068.61589,2716914220.08,183095350245.80704
"2018-05-20 18:00:00",145264317032.14453,71405766698.66995,2980814184.76,171226384388.4255
"2018-05-27 18:00:00",125747647841.54053,57136672102.320946,2885099782.08,140503063602.05853
"2018-06-10 18:00:00",116175107759.5459,52483739955.34872,2871544993.25,125252365179.8554
"2018-06-17 18:00:00",111319477310.87646,50008238006.351326,2889816893.66,114105274573.11221
"2018-06-24 18:00:00",105625012130.90332,45723097398.68667,2915252869.47,97363272864.94002
"2018-07-01 18:00:00",109272855080.06152,45576422047.08177,3031329375.2,99354042585.65671
"2018-07-08 18:00:00",116117589327.97852,49166922645.98693,2960841454.51,106468500523.52455
"2018-07-15 18:00:00",109029468624.83984,45364323982.81954,3017394469.15,97929766523.19061
"2018-07-22 18:00:00",127271731778.52148,46338042271.23831,2982285083.24,103881475331.0002
"2018-07-29 18:00:00",141239444979.07812,47150243496.36462,2809356928.06,106666432740.49725
"2018-08-05 18:00:00",121430864536.56006,41526865934.360146,2710015779.94,91017931995.6898
"2018-08-12 18:00:00",109111523954.15039,32433585929.30644,2630582266.71,69502763365.27316
"2018-08-19 18:00:00",111936076637.52637,30569460456.762024,2943049378.94,71532866418.81161
"2018-08-26 18:00:00",115646248486.59668,27968567432.73453,3030645093.44,69091955311.4388
"2018-09-02 18:00:00",125536575444.65332,30025069121.491455,3061679812.04,79343882397.05522
"2018-09-09 18:00:00",108759350260.05469,20153125180.166492,2960359930.24,63535970248.60882
"2018-09-16 18:00:00",112508446994.56396,22602064198.91363,2968615418.39,65156571439.582405
"2018-09-23 18:00:00",115889159338.47656,25009868629.025642,3036039654.25,82139867016.9278
"2018-09-30 18:00:00",114509724599.92676,23855852478.445736,3035637219,81877343154.1775
"2018-10-07 18:00:00",114251052224.27979,23201746333.452347,3052887316.63,77994801035.90787
"2018-10-14 18:00:00",109002222118.35938,20029798681.63995,2786507503.54,68174276802.58067
"2018-10-21 18:00:00",112433242750.5747,21074931430.862476,2427530033.53,73554627690.72281
"2018-10-28 18:00:00",112621848701.95312,21104132738.44757,2455134992.35,73744008911.0393
"2018-11-04 18:00:00",110472052802.83936,21331687092.1796,2326960529.98,75969941702.58104
"2018-11-11 18:00:00",111382004120.58984,21816330887.759235,2249766997.75,77493979886.93092
"2018-11-18 18:00:00",97705691527.53906,18300028878.27758,2326136338.85,67606280789.79336
"2018-11-25 18:00:00",69838014415.53516,12032856392.690058,2416581981,45123936688.07478
"2018-12-02 18:00:00",72180072607.18684,12052720214.163006,2522711880.12,47781278084.17015
"2018-12-09 18:00:00",62904058877.8033,9850870958.68358,2632059333.51,39223955233.75312
"2018-12-16 18:00:00",56690385176.659706,8866029607.23652,2615285310.82,35043460985.73377
"2018-12-23 18:00:00",69764786196.18088,13583037878.264086,2671880912.25,48364439355.495026
"2018-12-30 18:00:00",67490984256.3772,14577932771.752138,2688487412.81,45903625488.66067
"2019-01-06 18:00:00",71240898021.14626,16449025838.973196,2744489481.36,47817270078.15055
"2019-01-13 18:00:00",62182641664.50461,12207772317.620222,2852680726.43,40132165387.85517
"2019-01-20 18:00:00",62978933273.577194,12500023524.217134,2912777019.99,41685655122.565674
"2019-01-27 18:00:00",62742832206.18822,11849114115.275366,2904433539.92,41220247357.59641
"2019-02-03 18:00:00",60737875450.65492,11268811996.76725,2836601529.48,38906302287.59783
"2019-02-10 18:00:00",64789130003.5379,13087699616.690145,2798536464.74,42497660714.36195
"2019-02-17 18:00:00",64410100221.85637,13955286294.168228,2772396286.95,42206106017.81541
"2019-02-24 18:00:00",66837352912.046364,14226818125.576382,2769938249.71,43575568357.077255
"2019-03-03 18:00:00",67555759359.97927,13891057136.318468,2759693885.72,45341054290.212265
"2019-03-10 18:00:00",69512928001.42342,14394417058.42668,2735676511.11,48210767175.7799
"2019-03-17 18:00:00",70905328395.31006,14750183272.514877,2751729812.44,51297289025.825066
"2019-03-24 18:00:00",70857280284.75696,14444946298.66348,2772337894.84,52192692508.749565
"2019-03-31 18:00:00",72295816657.951,14912681758.601385,2756655865.71,54361604522.367615
"2019-04-07 18:00:00",91675454746.91971,18403550027.177998,2842940058.76,68873261340.3823
"2019-04-14 18:00:00",91278581802.46956,17760447034.0827,3172285430.22,64018115451.117744
"2019-04-21 18:00:00",93805881812.86179,17969745873.237835,3342528133.61,62878958980.83038
"2019-04-28 18:00:00",93419609963.274,16651220247.79316,3658811607.92,57382312824.85284
"2019-05-05 18:00:00",102335650652.96254,17288766538.888027,3669225511.41,60049824784.80944
"2019-05-12 18:00:00",123136038254.63493,19853654643.774094,3694236482.77,62714561138.77097
"2019-05-19 18:00:00",144971309448.98746,27596920216.74743,3827268826.06,78215393536.70512
"2019-05-26 18:00:00",153970325335.24185,28432641772.482677,4033018536.77,81701619357.73547
"2019-06-02 18:00:00",155065390731.39487,28726097128.86865,4047103709.13,88905378432.3165
"2019-06-09 18:00:00",136273768278.69757,24723131896.457783,4168409687.39,78940648358.11464
"2019-06-16 18:00:00",160044972093.6051,28705808640.016964,4401364412.58,88418686716.01793
"2019-06-23 18:00:00",192777835456.1448,32829464800.282352,4410430910.76,96240622346.95284
"2019-06-30 18:00:00",192209366982.17966,31012429349.495373,4446209456.03,85064040430.78496
"2019-07-07 18:00:00",204079737655.08698,32705645342.3861,4592445054.25,87184490080.53691
"2019-07-14 18:00:00",182640350268.56345,24354539328.681133,4806315991.41,67016696320.345406
"2019-07-21 18:00:00",189190665656.13916,24190172863.409386,4925635509.3,71937244035.56145
"2019-07-28 18:00:00",170499961955.59525,22645395578.312595,4968991558.27,66715116779.54215
"2019-08-04 18:00:00",195858816740.95996,23873527369.574642,5144777959.89,68066091124.515396
"2019-08-11 18:00:00",205806749299.23886,23139024635.55155,5101282977.98,65963992834.07958
"2019-08-18 18:00:00",184993881159.79108,20894351694.929176,5106740499.01,59704987356.76975
"2019-08-25 18:00:00",181332659914.10043,20086200164.891148,5104619857.91,57540563597.98841
"2019-09-01 18:00:00",174725137037.3624,18506970192.978443,5100489677.57,53678906254.44916
"2019-09-08 18:00:00",187110557493.33975,19523183052.33423,5249736338.22,55807805700.44601
"2019-09-15 18:00:00",185578448439.9793,20473460441.39655,5266506252.16,55088474627.704155
"2019-09-22 18:00:00",180777994058.38126,22831284617.63274,5196065666.5,56634675086.256004
"2019-09-29 18:00:00",145513115036.49466,18430749550.834747,5230217648.17,45363167951.54058
"2019-10-06 18:00:00",143472448846.8713,18670853900.530605,5312966348.05,46925289846.49809
"2019-10-13 18:00:00",149554484620.89914,19657318282.817455,5288597805.8,49699883819.5434
"2019-10-20 18:00:00",148173746075.07672,18993688511.094593,5280041052.41,50284672496.7287
"2019-10-27 18:00:00",172499579503.21695,19974475606.535908,5288774609.41,54765389851.64713
"2019-11-03 18:00:00",166462316878.7095,19776848050.530453,5259194234.9,55574352039.38006
"2019-11-10 18:00:00",163364748174.13358,20575448878.439533,5230717231.19,56991175473.14688
"2019-11-17 18:00:00",154842353565.79153,20115453046.491837,5235977078.79,54998968778.776634
"2019-11-24 18:00:00",127004736593.3904,15555499462.5141,5234573650.98,43860874356.3755
"2019-12-01 18:00:00",134282440140.98181,16445303072.405922,5253258112.05,46154938337.08226
"2019-12-08 18:00:00",136826716822.87526,16477448862.553719,5302572998.19,46523052606.76102
"2019-12-15 18:00:00",129661328968.67361,15593818240.832516,5395063521.85,44464113929.09388
"2019-12-22 18:00:00",136460710737.629,14416402305.269932,5297618628.81,42055530133.52107
"2019-12-29 18:00:00",134468662789.64449,14684041488.580954,5283654800.39,42491987677.03457
"2020-01-05 18:00:00",134460377957.16681,14872554640.096846,5324552681.6,43122297760.026344
"2020-01-12 18:00:00",148623400473.72607,16037333171.521326,5745283287.09,48439894834.53261
"2020-01-19 18:00:00",158321623201.4488,18263491100.012234,5671507528.3,56629092994.25897
"2020-01-26 18:00:00",156499290530.4657,18402322183.445168,5780174661.78,57073970129.60914
"2020-02-02 18:00:00",170004469220.07938,20621480918.28144,5818965145.33,63198539219.13919
"2020-02-09 18:00:00",184486166163.18625,25088078485.428967,5822621931.49,74570537514.18478
"2020-02-16 18:00:00",180891431634.31958,28471676189.747482,5816435999.47,72853049856.38293
"2020-02-23 18:00:00",180863880750.30246,30047602662.17295,5850955350.07,72260129109.8946
"2020-03-01 18:00:00",156084173198.82953,23932587490.260445,5838918478.33,57703973142.140015
"2020-03-08 18:00:00",147951754406.5492,22522073578.363907,5859765663.43,54811965206.73691
"2020-03-15 18:00:00",97469192840.33563,13704246819.601877,6012382240.13,35713649829.85249
"2020-03-22 18:00:00",105780190268.62915,13506190365.912254,6112350397.25,37955600036.6986
"2020-03-29 18:00:00",108203437915.23332,13832864228.553446,6137030948.12,39821042712.42323
"2020-04-05 18:00:00",124178004966.36812,15852539294.783682,7727515482.78,42795775534.21819
"2020-04-12 18:00:00",127349493899.92056,17693675903.068474,7980347544.8,45497744488.04096
"2020-04-19 18:00:00",131681877228.60332,19996673015.770973,8035780427.34,47162317479.785706
"2020-04-26 18:00:00",141322115947.34253,21880363407.058437,7980205850.53,50428100637.03904
"2020-05-03 18:00:00",163655471479.58307,23375998238.38263,8118719306.76,53797781029.2943
"2020-05-10 18:00:00",161002863406.78165,20917349494.33899,8080082423.67,49905203441.95935
"2020-05-17 18:00:00",178061835629.24448,22983067946.22933,10451690870.62,61276866794.39619
"2020-05-24 18:00:00",161099222524.00946,22288835760.215775,10455660844.26,51463743956.96475
"2020-05-31 18:00:00",173950651647.76044,25642611324.020668,10483119400.19,55803360631.08888
"2020-06-07 18:00:00",179763960699.0737,27308254795.896317,10908076482.32,59399784916.71999
"2020-06-14 18:00:00",172718935758.7432,26013014519.810883,10928081620.6,56375863447.995926
"2020-06-21 18:00:00",171164992440.77667,25515154217.567936,10886847733.85,56796310721.9154
"2020-06-28 18:00:00",168110009823.14206,25131103750.542847,11081098964.48,54717872348.395096
"2020-07-05 18:00:00",167093607091.6809,25426214410.98948,11225877543.12,56560823606.86961
"2020-07-12 18:00:00",171301164845.18356,27108242837.99428,11303734397.29,64877185460.23214
"2020-07-19 18:00:00",169693622626.09238,26760971548.662735,11457771290.47,65750837876.934875
"2020-07-26 18:00:00",182723132542.22467,34725714216.26373,12436469331.18,69966995632.71161
"2020-08-02 18:00:00",203682874498.5348,41508331002.41261,12446425220.59,76244424998.40259
"2020-08-09 18:00:00",215677731899.91626,43908080747.57308,12561524027.56,85150368315.73067
"2020-08-16 18:00:00",219791862272.75934,48791927824.75727,12720932152.99,95230373243.68341
"2020-08-23 18:00:00",215332195088.36838,43890316480.766205,13040692983.25,91256356651.44542
"2020-08-30 18:00:00",216333519498.11148,48211664393.553894,13127342122.34,96088278681.96461
"2020-09-06 18:00:00",189960683045.26556,39794578364.473145,17516886340.12,83224641409.1813
"2020-09-13 18:00:00",190982313860.37106,41146100471.0065,18611929233.52,86266472951.53246
"2020-09-20 18:00:00",202246809733.18948,41729572794.69591,19930564962.68,83126270227.80461
"2020-09-27 18:00:00",199423455711.2254,40378371635.20484,20413253870.65,84036751523.65974
"2020-10-04 18:00:00",197611846878.19833,39805525512.91373,20807880686.23,81309222348.23796
"2020-10-11 18:00:00",210888960518.64664,42326523075.12231,21200018550.62,86284181394.57108
"2020-10-18 18:00:00",212945049781.73172,42794912025.29271,21285061401.77,84101848721.90556
"2020-10-25 18:00:00",241308512141.24832,45917606087.36516,23276637062.91,84518020317.06651
"2020-11-01 18:00:00",255305349076.21912,45039871161.49042,23832109302.63,77647177632.86046
"2020-11-08 18:00:00",287283652683.2034,51507421225.88115,24623474264.38,82832324321.03543
"2020-11-15 18:00:00",295393474293.0917,50682338162.77354,25379650155.58,84185299731.32478
"2020-11-22 18:00:00",341281755223.37067,63865456387.66945,26417925509.14,103143620138.74991
"2020-11-29 18:00:00",338101650909.59454,65884676074.485794,27128997535.22,113473995831.77965
"2020-12-06 18:00:00",360337440869.6686,68554455903.46853,27986851356.08,116960007624.13289
"2020-12-13 18:00:00",355209238998.17065,67031104551.897316,28121780062.15,111941536023.48204
"2020-12-20 18:00:00",433927056339.38354,72441157128.61798,29391766652.86,126496566113.22849
"2020-12-27 18:00:00",487258425258.87036,78016259865.90031,30230121804.78,108680879485.05933
"2021-01-03 18:00:00",611103883061.6024,112493433179.8004,32900565272.61,120092041378.1072
"2021-01-10 18:00:00",708195321595.2714,142632073651.42316,37325733497.47,159552723169.2755
"2021-01-17 18:00:00",667028668819.6982,141283103998.30472,37357700408.41,161382405699.75708
"2021-01-24 18:00:00",601651669364.067,159139478909.2523,38301007567.33,164797437303.63065
"2021-01-31 18:00:00",613312434887.7683,149156035510.43408,40846383815.17,186961032893.3576
"2021-02-07 18:00:00",722518516768.899,183497935265.73868,44880747797.83,233672545979.32233
"2021-02-14 18:00:00",907623519352.765,206928063460.64047,51894605052.68,323087103814.9145
"2021-02-21 18:00:00",1072121083578.4685,221808321709.55615,56254449174.41,393927866478.18536
"2021-02-28 18:00:00",843800279724.5995,163489570919.6023,56866992812.83,316532188238.1082
"2021-03-07 18:00:00",955342689135.7744,199972340504.46082,60294808405.7,369586734645.74475
"2021-03-14 18:00:00",1100069293585.0618,212242684423.98007,64315982795.36,413164495694.73816
"2021-03-21 18:00:00",1071526929279.6742,205702383099.6546,68236515743.24,436181499407.1712
"2021-03-28 18:00:00",1044604471378.814,194895798816.50833,70538853352.67,448071595182.4877
"2021-04-04 18:00:00",1098874556066.7537,241846812908.4592,74284236728.31,533996972855.12714
"2021-04-11 18:00:00",1128437856221.562,249637481541.4554,77984752415.23,616601784748.4226
"2021-04-18 18:00:00",1046814448218.0908,257526324612.25177,82414165704.35,662749404270.2573
"2021-04-25 18:00:00",915066200404.24,267279574504.038,84949938591.75,557461911147.6221
"2021-05-02 18:00:00",1058309059403.1952,341740827528.027,92442784505.67,721274297637.6078
"2021-05-09 18:00:00",1090209426707.6116,453427650572.1741,99287674368.24,813593415256.5044
"2021-05-16 18:00:00",867104686926.2623,412876797052.19794,103311030212.34,785875565281.7897
"2021-05-23 18:00:00",660305590363.3535,248898637925.34723,95356092173.56,413934949738.7892
"2021-05-30 18:00:00",664797433647.3008,276056372661.85046,105835186387.53,497036897687.47876
"2021-06-06 18:00:00",671105857297.8038,316220075240.0506,108893281456.8,540713348400.1955
"2021-06-13 18:00:00",733089662951.4908,292848691046.0214,107334366478.94,496377976063.48773
"2021-06-20 18:00:00",668773312881.0383,262694218907.70456,107462522927.08,453237253681.3671
"2021-06-27 18:00:00",651673221700.1504,231335391482.25113,109575706090.53,389029533844.8985
"2021-07-04 18:00:00",654875820839.3735,269388313131.7947,110193066740.83,432482683575.6318
"2021-07-11 18:00:00",643078456006.2635,249509446458.9995,110786140190.24,410463535192.1769
"2021-07-18 18:00:00",595491097121.512,220895871216.204,111406888940.77,366238386754.3341
"2021-07-25 18:00:00",662221981750.3365,254401069485.77264,112361125555.52,397260590217.8008
"2021-08-01 18:00:00",749883353306.2881,299756464022.1304,113368236002.37,442283677231.88153
"2021-08-08 18:00:00",825186129786.353,354795020195.20654,114193953561.45,480326246435.6204
"2021-08-15 18:00:00",884837176466.84,387869517712.0897,115508385789.47,630070246210.6903
"2021-08-22 18:00:00",927513388249.6575,381066593721.4146,117200272518.02,677473816615.1279
"2021-08-29 18:00:00",915929550642.2723,377599191825.14685,118333475111.2,686392641441.5308
"2021-09-05 18:00:00",973484406148.8275,463592074560.2628,121006546155.96,785314025342.7797
"2021-09-12 18:00:00",867594345441.25,400419526377.8516,123916799877.7,729669604074.2084
"2021-09-19 18:00:00",888738841804.4756,391936421516.8017,124631207425.02,696840346605.9127
"2021-09-26 18:00:00",813105834426.6675,360122132701.9655,127124088619.29,616670647732.227
"2021-10-03 18:00:00",906294464847.2214,402169257671.45935,127350948702.95,708519890532.0492
"2021-10-10 18:00:00",1027165303573.2286,399096843502.0152,128787685433.61,708906659822.3162
"2021-10-17 18:00:00",1161960269770.6792,454731511821.44385,128765343507.47,736675590254.687
"2021-10-24 18:00:00",1146356275069.934,481996801951.6344,128827961256.73,761741892649.5916
"2021-10-31 18:00:00",1155486888639.8538,506301266738.95795,130780843071.29,830901716678.2782
"2021-11-07 18:00:00",1198357285045.2302,547703002358.85565,134534706605.1,918242950996.964
"2021-11-14 18:00:00",1242518615761.8267,549378527797.9616,136966226523.64,927539073269.7719
"2021-11-21 18:00:00",1106403638081.7468,503443152584.74207,140577090091.22,871281976004.1912
"2021-11-28 18:00:00",1085455859458.4082,511339889571.73346,143100202677.43,831062750985.2684
"2021-12-05 18:00:00",931832468398.9512,497058145474.72144,148752037116.38,713416760515.2274
"2021-12-12 18:00:00",948164976218.7858,491522101088.7097,151270583164.7,716698296980.4745
"2021-12-19 18:00:00",880597810565.5748,464871981154.2282,155373925578.01,684435434182.657
"2021-12-26 18:00:00",961618538425.7545,483971940367.0353,158728840840.32,786992809417.6301
"2022-01-02 18:00:00",894534242962.1992,454922393837.005,159128045745.77,747378621313.9658
"2022-01-09 18:00:00",793912931913.978,376058618509.2793,159691405798.51,639637802627.7826
"2022-01-16 18:00:00",816823509359.9104,399702839311.05774,162762339681.97,699251392353.3419
"2022-01-23 18:00:00",684859808413.9618,301900254604.82874,164800774655.74,520589919692.3994
"2022-01-30 18:00:00",718419130119.413,310864527453.5375,168090463108.13,518152712553.0096
"2022-02-06 18:00:00",802582761592.1385,364698158500.46277,170962098568.09,595803794837.8486
"2022-02-13 18:00:00",798183518205.3665,343973367011.7393,174477231144.8,561725440935.5342
"2022-02-20 18:00:00",727064681314.4646,313522162735.1475,176200091631.25,519075849966.0178
"2022-02-27 18:00:00",713942457631.762,312964791237.57544,177793345947.65,505014223964.77264
"2022-03-06 18:00:00",729682856546.4937,306210964872.15607,178175184494.84,509552755850.21027
"2022-03-13 18:00:00",717657415992.5707,301732657941.2753,179414386226.16,497497456714.144
"2022-03-20 18:00:00",783485258829.0177,343414801853.2332,181508257712.58,550080734142.4691
"2022-03-27 18:00:00",889508454854.3387,395651853111.59174,181339985663.53,636974189669.3094
"2022-04-03 18:00:00",880592388752.0895,422389199159.7475,182579126116.34,681086939463.8931
"2022-04-10 18:00:00",801731529722.2588,385781388027.20935,182299341442.26,587844254285.5319
"2022-04-17 18:00:00",753869163876.823,359660916285.4901,181313919096.45,551386972589.7969
"2022-04-24 18:00:00",751110381943.8457,352491454713.9942,182367698684.22,542362184566.5502
"2022-05-01 18:00:00",732413322821.8514,340953482723.0272,181957744201.58,481364943959.6813
"2022-05-08 18:00:00",647931569108.8398,304192304924.89215,180025542690.79,433115177529.318
"2022-05-15 18:00:00",594200127312.8341,258342859456.67972,157378709865.39,330805658106.8662
"2022-05-22 18:00:00",576254007847.4742,246528793392.1845,156653120184.45,315062318655.4512
"2022-05-29 18:00:00",560937222142.5856,219113038853.63303,155847935714.22,288407432761.83136
"2022-06-05 18:00:00",569759085904.0133,218518232283.12567,156419394777.38,289392788770.631
"2022-06-12 18:00:00",508019958965.2783,174511401006.70413,156025962168.11,242776041586.80753
"2022-06-19 18:00:00",392646879629.1441,137002970321.63213,152579705252.97,219169795972.71375
"2022-06-26 18:00:00",401104221882.97327,145548449111.28665,151695600734.54,243367426686.1001
"2022-07-03 18:00:00",368277180410.4809,130358232424.56328,151669728426.68,223353845999.0458
"2022-07-10 18:00:00",398159374285.3559,141922226962.44693,151040296512.37,236797707141.00714
"2022-07-17 18:00:00",396857346488.9222,162783844724.77362,150386457506.86,243498798267.01422
"2022-07-24 18:00:00",431850498580.6955,194591329573.5659,150786584188.96,263028784847.8286
"2022-07-31 18:00:00",445937681388.2668,204762984518.39145,150730259994.09,281034089524.9917
"2022-08-07 18:00:00",443084471061.08685,207145372307.71268,151003403121.21,296142468594.3005
"2022-08-14 18:00:00",465004931112.261,236217803059.4603,150767683627.7,310178169673.3787
"2022-08-21 18:00:00",411855842926.11096,197632405765.97302,150621895879.62,268780632916.236
"2022-08-28 18:00:00",375335586910.4083,174728142155.29327,150491818731.57,244743325291.96838
"2022-09-04 18:00:00",382616279827.5008,192883012058.76425,150502935349.19,259413495996.29495
"2022-09-11 18:00:00",416857365329.28827,215558766507.58575,151112393684.49,277727011262.91595
"2022-09-18 18:00:00",371952540829.0194,163471463643.64896,150107941336.89,243949355081.3416
"2022-09-25 18:00:00",360293886839.3985,158595493861.6531,149601769096.44,255073979210.0384
"2022-10-02 18:00:00",365024066328.2024,156490558646.2773,147666843759.22,251988424402.27032
"2022-10-09 18:00:00",372876630265.13086,162319624211.83105,147412415617.02,261162810832.07812
"2022-10-16 18:00:00",369593295580.04724,159858153250.38666,146387158579.62,250904653245.12613
"2022-10-23 18:00:00",375458887820.4462,166855760230.66565,144875901577.39,254787538560.70813
"2022-10-30 18:00:00",396038519806.9875,194633337900.27933,144998647431.98,280282889523.36316
"2022-11-06 18:00:00",401756500650.0502,192373791454.6828,145221095899.5,290501380059.79706
"2022-11-13 18:00:00",314067574943.4182,149528074438.90085,144540619404.72,216818242816.47092
"2022-11-20 18:00:00",313001132419.7694,139799388626.29843,143664397663.3,210468312351.2921
"2022-11-27 18:00:00",315955882109.17615,146231918398.58026,142208189454.74,229748594776.69357
"2022-12-04 18:00:00",329293242355.91266,156638407230.09537,141267554814.63,232794088704.072
"2022-12-11 18:00:00",328900755364.68787,154628365974.93484,140896273268.67,225909990119.8473
"2022-12-18 18:00:00",322400373925.6815,144983456228.01923,139659930409.79,203171975326.34924
"2022-12-25 18:00:00",324098232981.28516,149163975107.6458,138034223033.07,198787427993.47903
"2023-01-01 18:00:00",320034108997.91156,146983655755.20465,137258762916.87,194282155274.81378
"2023-01-08 18:00:00",329169389618.5682,157550331013.317,136516683540.88,214163165208.6649
"2023-01-15 18:00:00",402262109369.25244,189987783615.5358,136656172784.23,253842019126.90176
"2023-01-22 18:00:00",437827426327.45264,199292058943.07596,136424754668.45,266408873923.5014
"2023-01-29 18:00:00",458292757819.60156,201445451929.03635,136496941499.21,285034770518.8021
"2023-02-05 18:00:00",442610630121.8782,199670742126.2006,136508461718.08,287030946122.9312
"2023-02-12 18:00:00",420251062814.24274,185386256782.4827,135140302282.4,273021980073.25458
"2023-02-19 18:00:00",469604789361.8312,205874086910.69992,134819614425.87,299285244938.3889
"2023-02-26 18:00:00",454799755438.967,200786593396.57895,133943680706.46,288710702427.184
"2023-03-05 18:00:00",433241312794.7952,188435996049.83087,133577739215.35,269696125117.34387
"2023-03-12 18:00:00",427968852997.62585,191627986815.73672,132845353149.79,261395955069.8074
"2023-03-19 18:00:00",541827880189.5731,215067276302.9551,131603659425.45,287128094285.8217
"2023-03-26 18:00:00",541101006111.4456,213870532510.64005,131520621331.1,280122198092.00433
"2023-04-02 18:00:00",544932174732.76044,216212363710.77222,130220601193.81,282364424923.17737
"2023-04-09 18:00:00",548072794581.1586,224020284926.8322,130331447511.86,284044646890.07916
"2023-04-16 18:00:00",586581440454.0864,255307035338.73987,129440241594.63,310021438919.4338
"2023-04-23 18:00:00",534026888204.38135,224217676728.94873,128420159381.42,277561551436.06995
"2023-04-30 18:00:00",565853889399.8135,225007993023.403,128051684394.7,282232350678.26355
"2023-05-07 18:00:00",550995742407.102,225342224170.78082,128018723766.88,268593894923.9372
"2023-05-14 18:00:00",521756688323.7585,216561245722.2149,127997457117.31,259813669544.7166
"2023-05-21 18:00:00",518413251319.43066,217070290609.43362,127517022082.22,255254729381.1057
"2023-05-28 18:00:00",544288674295.19434,229604503969.01022,126975593759.34,265043455217.48544
"2023-06-04 18:00:00",525998634266.81104,227296497382.55923,126669350750.1,265121161069.53976
"2023-06-11 18:00:00",503116867551.6697,210767494020.12433,125869202945.3,215904707398.14603
"2023-06-18 18:00:00",511064751890.69226,206823438685.9722,126087371141.15,219022745517.09555
"2023-06-25 18:00:00",591688693378.3142,228370142307.44244,126411284089.94,240711433243.9033
"2023-07-02 18:00:00",594674697608.4479,232969980962.84854,125133374521.54,250222399185.63358
"2023-07-09 18:00:00",586102876254.0126,223977662360.65582,124824118296.79,239969230201.67166
"2023-07-16 18:00:00",587787663959.2145,231228423349.6863,124603842095.53,266419490278.04922
"2023-07-23 18:00:00",584707033925.7137,227023586751.33127,123867583182.4,267482769633.76495
"2023-07-30 18:00:00",569275446529.5068,223747758766.23666,123617550706.75,264980430641.95648
"2023-08-06 18:00:00",564799597546.8253,219566729941.63757,122550727794.21,253364927711.8171
"2023-08-13 18:00:00",569744856574.5874,220986935949.64023,123073474468.91,255310797439.1224
"2023-08-20 18:00:00",509716535724.4249,202559222978.64505,122018351060.52,227593331194.06998
"2023-08-27 18:00:00",507948000836.5755,199252368656.41742,122035249443.78,223863324260.19705
"2023-09-03 18:00:00",505746810882.63605,196641494775.70892,122482387078.34,219682788817.81503
"2023-09-10 18:00:00",503248470032.45776,194368981373.8631,122031055794.4,215859350336.43915
"2023-09-17 18:00:00",517093575637.91254,195134061773.75385,121932558362.38,219953920581.3536
"2023-09-24 18:00:00",511817506985.1871,190053274324.73306,121981446627.5,219834960600.75986
"2023-10-01 18:00:00",545583757465.87036,208371635183.16904,121192596205.92,235626650373.41058
"2023-10-08 18:00:00",544945487401.6146,196418896308.1298,121693294889.93,228121752899.5856
"2023-10-15 18:00:00",530075104419.69867,187399877022.35196,121213569732.21,220737313450.61942
"2023-10-22 18:00:00",585684252376.7634,200163538909.25464,122149955492.38,237027911391.36197
"2023-10-29 18:00:00",674324173822.6765,215953185531.89188,122424043219.71,258371148008.1216
"2023-11-05 18:00:00",684578488613.9634,227792579228.8835,122850869636.19,284960688090.4831
"2023-11-12 18:00:00",724382728634.1644,245976279914.19086,123857658557.58,321116805738.58466
"2023-11-19 18:00:00",730558961165.7045,241930762755.14902,124879181301.92,322944319049.84644
"2023-11-26 18:00:00",732376685153.8729,247992560501.70956,126220767062.5,319971097298.2776
"2023-12-03 18:00:00",781990691691.9177,263753466889.51447,127043465186.61,325525267951.83777
"2023-12-10 18:00:00",856849116574.6821,282809017359.3301,127553499276.73,372632480141.0178
"2023-12-17 18:00:00",809306292080.963,263879421629.25592,127968319645.56,366874356532.281
"2023-12-24 18:00:00",842145383382.2715,272257190656.38504,128833051671.97,413347269038.2935
"2023-12-31 18:00:00",828105973148.9111,274233377052.0234,128451821465.14,417104067814.02545
"2024-01-07 18:00:00",861061744868.8717,267154224206.03735,131143169323.54,376095728693.09094
"2024-01-14 18:00:00",817568374488.335,297049202414.74725,132254097289.85,399018799491.5977
"2024-01-21 18:00:00",814643238194.6897,295032863314.18445,132474747027.13,392069388737.50586
"2024-01-28 18:00:00",824296105975.7721,271248506562.9861,133679708707.49,389025632724.4018
"2024-02-04 18:00:00",835304838693.3611,275122592462.4801,134658317261.62,387846046518.5288
"2024-02-11 18:00:00",947822596526.9032,301337204028.0379,135836264045.49,421539667162.67896
"2024-02-18 18:00:00",1023483888232.4222,346232360557.8033,137087030086.01,462891375440.84454
"2024-02-25 18:00:00",1015873632234.3812,373989110649.2018,137946031047.92,472871084598.7069
"2024-03-03 18:00:00",1240260163113.9912,419196077302.37616,140254365333.24,577015328484.7827
"2024-03-10 18:00:00",1356405043543.3066,466249382572.1744,143799674774.13,644950916370.969
"2024-03-17 18:00:00",1343811599798.2314,437351708856.42365,145389627668.44,667414903798.5348
"2024-03-24 18:00:00",1321558096331.3179,414698079995.2908,146326826914.91,665071017540.0413
"2024-03-31 18:00:00",1402689092566.444,437810934730.0388,146984515111.12,714625837751.1069
"2024-04-07 18:00:00",1364763495263.2083,414715795850.3515,150797650865.67,665646175987.8701
"2024-04-14 18:00:00",1294288084756.3738,379294977012.5167,151469492624.92,561051916042.5996
"2024-04-21 18:00:00",1278664985972.184,378024117789.47894,154765783316.87,572489646807.1271
"2024-04-28 18:00:00",1242600758895.3472,391788094672.351,155913280644.44,557630698498.2518
"2024-05-05 18:00:00",1261092042089.7432,376790068975.0219,155940021187.26,568127871557.5951
"2024-05-12 18:00:00",1210408472899.2156,351735250126.9158,155258430470.34,546501426193.03876
"2024-05-19 18:00:00",1305710818288.2825,368911259105.04266,156008822241.08,564495695679.8748
"2024-05-26 18:00:00",1349270883803.0598,459451648197.47174,155192486313.9,593914004407.2285
"2024-06-02 18:00:00",1334791730223.2615,454059567509.2079,154936600769.26,583630415421.3207
"2024-06-09 18:00:00",1372701104270.4111,445266141825.62946,155438658258.03,576026495545.8594
"2024-06-16 18:00:00",1313622688978.6548,435245992045.3184,155071443636.69,538348375767.9168
"2024-06-23 18:00:00",1245510028748.323,418034985196.20404,155356859905.76,481708393666.56305
"2024-06-30 18:00:00",1235852382455.0393,412555200310.82904,154555413333.42,503990893486.0417
"2024-07-07 18:00:00",1101333153788.8704,352171586787.49744,155296217629.68,433683402883.7022
"2024-07-14 18:00:00",1199300594768.7366,390236078923.89624,155821101431.56,490129616419.23706